{"domain": "fool.com", "title": "Just How Fast Is Tencent Growing?", "url": "http://www.fool.com/investing/2017/11/20/just-how-fast-is-tencent-growing.aspx?source=isesitlnk0000001&mrr=1.00"}
{"domain": "fool.com", "title": "3 Stocks That Are Absurdly Cheap Right Now", "url": "http://www.fool.com/investing/2017/11/20/3-stocks-that-are-absurdly-cheap-right-now.aspx?source=isesitlnk0000001&mrr=0.50"}
{"domain": "fool.com", "title": "3 Key Things NVIDIA's CEO Wants Investors to Know", "url": "http://www.fool.com/investing/2017/11/19/3-key-things-nvidias-ceo-wants-investors-to-know-2.aspx?source=isesitlnk0000001&mrr=0.33"}
{"domain": "fool.com", "title": "Tech Stocks This Week: ", "url": "http://www.fool.com/investing/2017/11/18/tech-stocks-this-week-teslas-new-vehicles-apple-de.aspx?source=isesitlnk0000001&mrr=0.25"}
{"domain": "fool.com", "title": "Another Good Day for the Disruptors", "url": "http://www.fool.com/investing/2017/11/18/bitcoins-square-deal.aspx?source=isesitlnk0000001&mrr=0.20"}
{"domain": "fool.com", "title": " Truck Unveiled (Wow!): 8 Key Things You Should Know ", "url": "http://www.fool.com/investing/2017/11/17/tesla-truck-unveiled-wow-8-key-things-you-should-k.aspx?source=isesitlnk0000001&mrr=0.17"}
{"domain": "fool.com", "title": "Is Ubiquiti Networks Inc a Millionaire-Maker Stock?", "url": "http://www.fool.com/investing/2017/11/17/is-ubiquiti-networks-inc-a-millionaire-maker-stock.aspx?source=isesitlnk0000001&mrr=0.14"}
{"domain": "fool.com", "title": "Why Cummins, Veritone, and Sears Holdings Slumped Today", "url": "http://www.fool.com/investing/2017/11/17/why-cummins-veritone-and-sears-holdings-slumped-to.aspx?source=isesitlnk0000001&mrr=0.13"}
{"domain": "fool.com", "title": " Unveils 2 Mind-Blowing New Vehicles -- What You Need to Know", "url": "http://www.fool.com/investing/2017/11/17/tesla-unveils-2-mind-blowing-new-vehicles-what-you.aspx?source=isesitlnk0000001&mrr=0.11"}
{"domain": "fool.com", "title": "The Simple Reason Why I Won't Buy Clean Energy Fuels Corp. Stock", "url": "http://www.fool.com/investing/2017/11/16/the-simple-reason-why-i-wont-buy-clean-energy-fuel.aspx?source=isesitlnk0000001&mrr=0.10"}
{"domain": "cnn.com", "title": "Move over, bitcoin. Here comes litecoin", "url": "http://money.cnn.com/2017/12/12/investing/litecoin-price-coinbase/index.html"}
{"domain": "cnn.com", "title": "Quest: New tensions on old fault lines", "url": "http://money.cnn.com/2017/12/08/investing/quest-ireland-brexit-israel-palestine/index.html"}
{"domain": "cnn.com", "title": "Anheuser-Busch orders 40 ", "url": "http://money.cnn.com/2017/12/07/technology/anheuser-busch-tesla/index.html"}
{"domain": "cnn.com", "title": "Ford will now build electric cars in Mexico", "url": "http://money.cnn.com/2017/12/07/news/companies/ford-electric-cars-mexico/index.html"}
{"domain": "cnn.com", "title": "Can Elon Musk make subway tunnels cool again?", "url": "http://money.cnn.com/2017/12/06/technology/elon-musk-underground-loop/index.html"}
{"domain": "cnn.com", "title": "Should Elon Musk merge ", "url": "http://money.cnn.com/2017/12/06/investing/elon-musk-tesla-spacex/index.html"}
{"domain": "cnn.com", "title": "Elon Musk will send his ", "url": "http://money.cnn.com/2017/12/02/technology/elon-musk-spacex-falcon-heavy-launch/index.html"}
{"domain": "cnn.com", "title": "GM: Sure, the auto industry is transforming. But we've got this", "url": "http://money.cnn.com/2017/12/01/technology/gm-ride-sharing-business/index.html"}
{"domain": "cnn.com", "title": "One carmaker is leading India's electric charge and it isn't ", "url": "http://money.cnn.com/2017/12/01/technology/india-electric-cars-mahindra-2030/index.html"}
{"domain": "cnn.com", "title": "Australia just switched on the world's biggest battery", "url": "http://money.cnn.com/2017/12/01/technology/tesla-battery-south-australia/index.html"}
{"domain": "cnn.com", "title": "Move over, bitcoin. Here comes litecoin", "url": "http://money.cnn.com/2017/12/12/investing/litecoin-price-coinbase/index.html"}
{"domain": "cnn.com", "title": "Quest: New tensions on old fault lines", "url": "http://money.cnn.com/2017/12/08/investing/quest-ireland-brexit-israel-palestine/index.html"}
{"domain": "cnn.com", "title": "Anheuser-Busch orders 40 ", "url": "http://money.cnn.com/2017/12/07/technology/anheuser-busch-tesla/index.html"}
{"domain": "cnn.com", "title": "Ford will now build electric cars in Mexico", "url": "http://money.cnn.com/2017/12/07/news/companies/ford-electric-cars-mexico/index.html"}
{"domain": "cnn.com", "title": "Can Elon Musk make subway tunnels cool again?", "url": "http://money.cnn.com/2017/12/06/technology/elon-musk-underground-loop/index.html"}
{"domain": "cnn.com", "title": "Should Elon Musk merge ", "url": "http://money.cnn.com/2017/12/06/investing/elon-musk-tesla-spacex/index.html"}
{"domain": "cnn.com", "title": "Elon Musk will send his ", "url": "http://money.cnn.com/2017/12/02/technology/elon-musk-spacex-falcon-heavy-launch/index.html"}
{"domain": "cnn.com", "title": "GM: Sure, the auto industry is transforming. But we've got this", "url": "http://money.cnn.com/2017/12/01/technology/gm-ride-sharing-business/index.html"}
{"domain": "cnn.com", "title": "One carmaker is leading India's electric charge and it isn't ", "url": "http://money.cnn.com/2017/12/01/technology/india-electric-cars-mahindra-2030/index.html"}
{"domain": "cnn.com", "title": "Australia just switched on the world's biggest battery", "url": "http://money.cnn.com/2017/12/01/technology/tesla-battery-south-australia/index.html"}
{"domain": "cnn.com", "title": " unveils a new electric semi-truck", "url": "/video/technology/2017/11/17/tesla-semi-truck-reveal.cnnmoney"}
{"domain": "cnn.com", "title": "Elon Musk: Big dreamer or monorail salesman?", "url": "/video/technology/future/2017/09/30/qmb-elon-musk-big-promises-simpsons-monorail.cnnmoney"}
{"domain": "cnn.com", "title": "New info in ", "url": "/video/news/2017/06/21/tesla-autopilot-fatal-crash.cnnmoney"}
{"domain": "cnn.com", "title": " releases Model 3", "url": "/video/technology/2017/07/29/tesla-releases-model-3.cnnmoney"}
{"domain": "cnn.com", "title": "Elon Musk: Don't just teach math, explain why", "url": "/video/technology/future/2017/07/19/elon-musk-space-conference-spacecraft.cnnmoney"}
{"domain": "cnn.com", "title": " picks on IIHS after safety test", "url": "/video/technology/business/2017/07/07/tesla-picks-on-iihs-after-safety-test.cnnmoney"}
{"domain": "cnn.com", "title": " Model 3 is an electric car for the masses", "url": "/video/news/2016/04/01/tesla-model-3-reveal-elon-musk.cnnmoney"}
{"domain": "cnn.com", "title": "Model X: Safest SUV ever tested", "url": "/video/technology/2017/06/14/tesla-model-x-safety-rating.cnnmoney"}
{"domain": "cnn.com", "title": "5 stunning stats about ", "url": "/video/news/2014/10/23/tesla-model-s-elon-musk.cnnmoney"}
{"domain": "cnn.com", "title": "MSFT, ", "url": "/video/technology/business/2017/06/01/qmb-companies-react-trump-climate-agreement-withdraw.cnnmoney"}
{"domain": "cnn.com", "title": "Move over, bitcoin. Here comes litecoin", "url": "http://money.cnn.com/2017/12/12/investing/litecoin-price-coinbase/index.html"}
{"domain": "cnn.com", "title": "Quest: New tensions on old fault lines", "url": "http://money.cnn.com/2017/12/08/investing/quest-ireland-brexit-israel-palestine/index.html"}
{"domain": "cnn.com", "title": "Anheuser-Busch orders 40 ", "url": "http://money.cnn.com/2017/12/07/technology/anheuser-busch-tesla/index.html"}
{"domain": "cnn.com", "title": "Ford will now build electric cars in Mexico", "url": "http://money.cnn.com/2017/12/07/news/companies/ford-electric-cars-mexico/index.html"}
{"domain": "cnn.com", "title": "Can Elon Musk make subway tunnels cool again?", "url": "http://money.cnn.com/2017/12/06/technology/elon-musk-underground-loop/index.html"}
{"domain": "cnn.com", "title": "Should Elon Musk merge ", "url": "http://money.cnn.com/2017/12/06/investing/elon-musk-tesla-spacex/index.html"}
{"domain": "cnn.com", "title": "Elon Musk will send his ", "url": "http://money.cnn.com/2017/12/02/technology/elon-musk-spacex-falcon-heavy-launch/index.html"}
{"domain": "cnn.com", "title": "GM: Sure, the auto industry is transforming. But we've got this", "url": "http://money.cnn.com/2017/12/01/technology/gm-ride-sharing-business/index.html"}
{"domain": "cnn.com", "title": "One carmaker is leading India's electric charge and it isn't ", "url": "http://money.cnn.com/2017/12/01/technology/india-electric-cars-mahindra-2030/index.html"}
{"domain": "cnn.com", "title": "Australia just switched on the world's biggest battery", "url": "http://money.cnn.com/2017/12/01/technology/tesla-battery-south-australia/index.html"}
{"domain": "cnn.com", "title": "Move over, bitcoin. Here comes litecoin", "url": "http://money.cnn.com/2017/12/12/investing/litecoin-price-coinbase/index.html"}
{"domain": "cnn.com", "title": "Quest: New tensions on old fault lines", "url": "http://money.cnn.com/2017/12/08/investing/quest-ireland-brexit-israel-palestine/index.html"}
{"domain": "cnn.com", "title": "Anheuser-Busch orders 40 ", "url": "http://money.cnn.com/2017/12/07/technology/anheuser-busch-tesla/index.html"}
{"domain": "cnn.com", "title": "Ford will now build electric cars in Mexico", "url": "http://money.cnn.com/2017/12/07/news/companies/ford-electric-cars-mexico/index.html"}
{"domain": "cnn.com", "title": "Can Elon Musk make subway tunnels cool again?", "url": "http://money.cnn.com/2017/12/06/technology/elon-musk-underground-loop/index.html"}
{"domain": "cnn.com", "title": "Should Elon Musk merge ", "url": "http://money.cnn.com/2017/12/06/investing/elon-musk-tesla-spacex/index.html"}
{"domain": "cnn.com", "title": "Elon Musk will send his ", "url": "http://money.cnn.com/2017/12/02/technology/elon-musk-spacex-falcon-heavy-launch/index.html"}
{"domain": "cnn.com", "title": "GM: Sure, the auto industry is transforming. But we've got this", "url": "http://money.cnn.com/2017/12/01/technology/gm-ride-sharing-business/index.html"}
{"domain": "cnn.com", "title": "One carmaker is leading India's electric charge and it isn't ", "url": "http://money.cnn.com/2017/12/01/technology/india-electric-cars-mahindra-2030/index.html"}
{"domain": "cnn.com", "title": "Australia just switched on the world's biggest battery", "url": "http://money.cnn.com/2017/12/01/technology/tesla-battery-south-australia/index.html"}
{"domain": "cnn.com", "title": " unveils a new electric semi-truck", "url": "/video/technology/2017/11/17/tesla-semi-truck-reveal.cnnmoney"}
{"domain": "cnn.com", "title": "Elon Musk: Big dreamer or monorail salesman?", "url": "/video/technology/future/2017/09/30/qmb-elon-musk-big-promises-simpsons-monorail.cnnmoney"}
{"domain": "cnn.com", "title": "New info in ", "url": "/video/news/2017/06/21/tesla-autopilot-fatal-crash.cnnmoney"}
{"domain": "cnn.com", "title": " releases Model 3", "url": "/video/technology/2017/07/29/tesla-releases-model-3.cnnmoney"}
{"domain": "cnn.com", "title": "Elon Musk: Don't just teach math, explain why", "url": "/video/technology/future/2017/07/19/elon-musk-space-conference-spacecraft.cnnmoney"}
{"domain": "cnn.com", "title": " picks on IIHS after safety test", "url": "/video/technology/business/2017/07/07/tesla-picks-on-iihs-after-safety-test.cnnmoney"}
{"domain": "cnn.com", "title": " Model 3 is an electric car for the masses", "url": "/video/news/2016/04/01/tesla-model-3-reveal-elon-musk.cnnmoney"}
{"domain": "cnn.com", "title": "Model X: Safest SUV ever tested", "url": "/video/technology/2017/06/14/tesla-model-x-safety-rating.cnnmoney"}
{"domain": "cnn.com", "title": "5 stunning stats about ", "url": "/video/news/2014/10/23/tesla-model-s-elon-musk.cnnmoney"}
{"domain": "cnn.com", "title": "MSFT, ", "url": "/video/technology/business/2017/06/01/qmb-companies-react-trump-climate-agreement-withdraw.cnnmoney"}
